<?xml version="1.0" encoding="UTF-8"?>
<project-private xmlns="http://www.netbeans.org/ns/project-private/1">
    <editor-bookmarks xmlns="http://www.netbeans.org/ns/editor-bookmarks/2" lastBookmarkId="0"/>
    <open-files xmlns="http://www.netbeans.org/ns/projectui-open-files/2">
        <group>
            <file>file:/home/sys515/NetBeansProjects/vbCompiler1-asignaciones/src/sumadoraarbol/AnalizadorSintactico.java</file>
            <file>file:/home/sys515/NetBeansProjects/vbCompiler1-asignaciones/src/base/calculadora.cup</file>
            <file>file:/home/sys515/NetBeansProjects/vbCompiler1-asignaciones/src/sumadoraarbol/Conector.java</file>
            <file>file:/home/sys515/NetBeansProjects/vbCompiler1-asignaciones/src/sumadoraarbol/Arbol.java</file>
            <file>file:/home/sys515/NetBeansProjects/vbCompiler1-asignaciones/src/sumadoraarbol/TablaSimbolos.java</file>
            <file>file:/home/sys515/NetBeansProjects/vbCompiler1-asignaciones/src/sumadoraarbol/SumadoraArbol.java</file>
        </group>
    </open-files>
</project-private>
